{"count":1,"self":2258.888704,"total":14010.250250199999,"children":{"InitializeActuators":{"count":1,"self":0.0020204999999999997,"total":0.0020204999999999997,"children":null},"InitializeSensors":{"count":1,"self":0.0005001,"total":0.0005001,"children":null},"AgentSendState":{"count":4664735,"self":49.4845952,"total":189.5764752,"children":{"CollectObservations":{"count":4664735,"self":17.88364,"total":17.8836393,"children":null},"WriteActionMask":{"count":4664735,"self":10.7461824,"total":10.7461824,"children":null},"RequestDecision":{"count":4664735,"self":33.4170016,"total":111.46205719999999,"children":{"AgentInfo.ToProto":{"count":4664735,"self":29.3527968,"total":78.045055499999989,"children":{"GenerateSensorData":{"count":4664735,"self":48.692259199999995,"total":48.692259199999995,"children":null}}}}}}},"DecideAction":{"count":4664735,"self":11516.0014848,"total":11516.001178999999,"children":null},"AgentAct":{"count":4664735,"self":45.7028416,"total":45.7804126,"children":{"AgentInfo.ToProto":{"count":3512,"self":0.0348314,"total":0.0775717,"children":{"GenerateSensorData":{"count":3512,"self":0.042740299999999995,"total":0.042740299999999995,"children":null}}}}}},"gauges":{"FightingAgent.CumulativeReward":{"count":3512,"max":10.2850056,"min":7.281006,"runningAverage":10.200592,"value":10.2850056,"weightedAverage":10.2849321}},"metadata":{"timer_format_version":"0.1.0","start_time_seconds":"1736354945","unity_version":"6000.0.30f1","command_line_arguments":"C:\\Program Files\\Unity\\Hub\\Editor\\6000.0.30f1\\Editor\\Unity.exe -projectpath D:\\UnityProjects\\ML-Agents-ASP -useHub -hubIPC -cloudEnvironment production","communication_protocol_version":"1.5.0","com.unity.ml-agents_version":"3.0.0","scene_name":"FightingScene","end_time_seconds":"1736368956"}}