{"count":1,"self":7035.0176255999995,"total":18755.6346678,"children":{"InitializeActuators":{"count":2,"self":0.0020041,"total":0.0020041,"children":null},"InitializeSensors":{"count":2,"self":0.0010012999999999999,"total":0.0010012999999999999,"children":null},"AgentSendState":{"count":3747835,"self":65.35548159999999,"total":264.98708769999996,"children":{"CollectObservations":{"count":7495670,"self":25.1095488,"total":25.109548699999998,"children":null},"WriteActionMask":{"count":7495670,"self":15.5346608,"total":15.5346613,"children":null},"RequestDecision":{"count":7495670,"self":54.1505984,"total":158.9873962,"children":{"AgentInfo.ToProto":{"count":7495670,"self":43.267577599999996,"total":104.8367988,"children":{"GenerateSensorData":{"count":7495670,"self":61.569222399999994,"total":61.5692216,"children":null}}}}}}},"DecideAction":{"count":3747835,"self":11414.2150656,"total":11414.2146963,"children":null},"AgentAct":{"count":3747835,"self":41.407174399999995,"total":41.4112635,"children":{"AgentInfo.ToProto":{"count":248,"self":0.0035906999999999996,"total":0.0040904999999999995,"children":{"GenerateSensorData":{"count":248,"self":0.0004998,"total":0.0004998,"children":null}}}}}},"gauges":{"FightingAgent.CumulativeReward":{"count":248,"max":5089.687,"min":49.4480743,"runningAverage":2910.93237,"value":5072.55,"weightedAverage":5036.48633}},"metadata":{"timer_format_version":"0.1.0","start_time_seconds":"1737391309","unity_version":"6000.0.30f1","command_line_arguments":"C:\\Program Files\\Unity\\Hub\\Editor\\6000.0.30f1\\Editor\\Unity.exe -projectpath D:\\UnityProjects\\ML-Agents-ASP -useHub -hubIPC -cloudEnvironment production","communication_protocol_version":"1.5.0","com.unity.ml-agents_version":"3.0.0","scene_name":"FightingScene","end_time_seconds":"1737410065"}}