{
    "name": "root",
    "gauges": {
        "FightingAgent.Policy.Entropy.mean": {
            "value": 1.4456030130386353,
            "min": 1.4165050983428955,
            "max": 1.4456030130386353,
            "count": 10
        },
        "FightingAgent.Policy.Entropy.sum": {
            "value": 72349.5390625,
            "min": 70830.625,
            "max": 72349.5390625,
            "count": 10
        },
        "FightingAgent.Step.mean": {
            "value": 499968.0,
            "min": 49984.0,
            "max": 499968.0,
            "count": 10
        },
        "FightingAgent.Step.sum": {
            "value": 499968.0,
            "min": 49984.0,
            "max": 499968.0,
            "count": 10
        },
        "FightingAgent.Policy.ExtrinsicValueEstimate.mean": {
            "value": 4.9998955726623535,
            "min": -0.11117997020483017,
            "max": 4.9998955726623535,
            "count": 10
        },
        "FightingAgent.Policy.ExtrinsicValueEstimate.sum": {
            "value": 3904.91845703125,
            "min": -86.83155822753906,
            "max": 3909.603759765625,
            "count": 10
        },
        "FightingAgent.Losses.PolicyLoss.mean": {
            "value": 0.10086431562886548,
            "min": 0.09751349035916905,
            "max": 0.10086431562886548,
            "count": 10
        },
        "FightingAgent.Losses.PolicyLoss.sum": {
            "value": 2.319879259463906,
            "min": 2.16617721821739,
            "max": 2.319879259463906,
            "count": 10
        },
        "FightingAgent.Losses.ValueLoss.mean": {
            "value": 2.227452223237402e-09,
            "min": 2.227452223237402e-09,
            "max": 0.015523568102807571,
            "count": 10
        },
        "FightingAgent.Losses.ValueLoss.sum": {
            "value": 5.123140113446024e-08,
            "min": 5.123140113446024e-08,
            "max": 0.35704206636457414,
            "count": 10
        },
        "FightingAgent.Policy.LearningRate.mean": {
            "value": 1.53792948736e-05,
            "min": 1.53792948736e-05,
            "max": 0.00028498560500479997,
            "count": 10
        },
        "FightingAgent.Policy.LearningRate.sum": {
            "value": 0.0003537237820928,
            "min": 0.0003537237820928,
            "max": 0.006269683310105599,
            "count": 10
        },
        "FightingAgent.Policy.Epsilon.mean": {
            "value": 0.10512640000000002,
            "min": 0.10512640000000002,
            "max": 0.19499520000000004,
            "count": 10
        },
        "FightingAgent.Policy.Epsilon.sum": {
            "value": 2.4179072000000006,
            "min": 2.4179072000000006,
            "max": 4.2898944000000006,
            "count": 10
        },
        "FightingAgent.Policy.Beta.mean": {
            "value": 0.00026580736000000004,
            "min": 0.00026580736000000004,
            "max": 0.004750260480000001,
            "count": 10
        },
        "FightingAgent.Policy.Beta.sum": {
            "value": 0.006113569280000001,
            "min": 0.006113569280000001,
            "max": 0.10450573056000001,
            "count": 10
        },
        "FightingAgent.IsTraining.mean": {
            "value": 1.0,
            "min": 1.0,
            "max": 1.0,
            "count": 10
        },
        "FightingAgent.IsTraining.sum": {
            "value": 1.0,
            "min": 1.0,
            "max": 1.0,
            "count": 10
        }
    },
    "metadata": {
        "timer_format_version": "0.1.0",
        "start_time_seconds": "1734630223",
        "python_version": "3.10.0 (tags/v3.10.0:b494f59, Oct  4 2021, 19:00:18) [MSC v.1929 64 bit (AMD64)]",
        "command_line_arguments": "D:\\UnityProjects\\ML-Agents-ASP\\venv\\Scripts\\mlagents-learn config/fighting_game.yaml --run-id=FightingGame_19",
        "mlagents_version": "0.30.0",
        "mlagents_envs_version": "0.30.0",
        "communication_protocol_version": "1.5.0",
        "pytorch_version": "2.5.1+cpu",
        "numpy_version": "1.21.2",
        "end_time_seconds": "1734631412"
    },
    "total": 1189.1831228999654,
    "count": 1,
    "self": 0.005100899958051741,
    "children": {
        "run_training.setup": {
            "total": 0.10885160003090277,
            "count": 1,
            "self": 0.10885160003090277
        },
        "TrainerController.start_learning": {
            "total": 1189.0691703999764,
            "count": 1,
            "self": 3.010919395892415,
            "children": {
                "TrainerController._reset_env": {
                    "total": 27.45993010001257,
                    "count": 1,
                    "self": 27.45993010001257
                },
                "TrainerController.advance": {
                    "total": 1158.5507604040322,
                    "count": 250048,
                    "self": 2.703993304807227,
                    "children": {
                        "env_step": {
                            "total": 997.1473764181137,
                            "count": 250048,
                            "self": 747.3329342221259,
                            "children": {
                                "SubprocessEnvManager._take_step": {
                                    "total": 247.84811869967962,
                                    "count": 250048,
                                    "self": 7.741681109473575,
                                    "children": {
                                        "TorchPolicy.evaluate": {
                                            "total": 240.10643759020604,
                                            "count": 250048,
                                            "self": 240.10643759020604
                                        }
                                    }
                                },
                                "workers": {
                                    "total": 1.9663234963081777,
                                    "count": 250048,
                                    "self": 0.0,
                                    "children": {
                                        "worker_root": {
                                            "total": 1157.988854889525,
                                            "count": 250048,
                                            "is_parallel": true,
                                            "self": 556.2890060881036,
                                            "children": {
                                                "steps_from_proto": {
                                                    "total": 0.0003603000077418983,
                                                    "count": 1,
                                                    "is_parallel": true,
                                                    "self": 0.00020029995357617736,
                                                    "children": {
                                                        "_process_rank_one_or_two_observation": {
                                                            "total": 0.00016000005416572094,
                                                            "count": 2,
                                                            "is_parallel": true,
                                                            "self": 0.00016000005416572094
                                                        }
                                                    }
                                                },
                                                "UnityEnvironment.step": {
                                                    "total": 601.6994885014137,
                                                    "count": 250048,
                                                    "is_parallel": true,
                                                    "self": 12.463850202271715,